"adKey","name","type","pageToken"
,"Board of Trustees and Overseers","Division","Board of Trustees and Overseers"
"Advancement","Advancement","Division","Advancement"
"Data Management Services","Data Management Systems","Department","Data Management Systems"
"Finance & Systems Services","Finance and System Services","Division","Finance and System Services"
"Accounting","Accounting","Department","Accounting"
"[IIT- Infrastructure, Interactive Media]","IIT (Information and Interactive Technologies)","Department","Information and Interactive Technologies"
"Human Resources & Volunteer Services","Human Resources and Volunteer Services","Division","Human Resources and Volunteer Services"
"Marketing & External Affairs","Marketing and External Affairs","Division","Marketing and External Affairs"
"Community Outreach","Community Outreach","Department","Community Outreach"
"Collections","Collections","Department","Collections"
"Education & Enrichment Programs","Education and Enrichment Programs","Department","Education and Enrichment Programs"
"Facilities","Environmental Health and Safety","Department","Environmental Health and Safety"
"[Event and Conference Services, ECS Non-Profit, ECS Corporate]","Event and Conference Services","Department","Event and Conference Services"
"Exhibit Project Management","Exhibit Project Management","Department","Exhibit Project Management"
"Human Resources","Human Resources","Department","Human Resources"
"Marketing","Marketing","Department","Marketing"
"Marketing Communications","Marketing Communications","Department","Marketing Communications"
"Media Relations and Social Media","Media Relations and Social Media","Department","Media Relations and Social Media"
"[Public Safety, Public Safety Administration]","Public Safety","Department","Public Safety"
"Volunteer Services","Volunteer Services","Department","Volunteer Services"
,"Wellness","Team","Wellness"
,"Yawkey Gallery, Advancement","Team","Yawkey Gallery, Advancement"
,"Accessibility","Team","Accessibility"
,"GPC (Grants Planning Committee)","Team","GPC (Grants Planning Committee)"
,"Information Security Governance Team","Team","Information Security Governance Team"
,"JM Working Group","Team","JM Working Group"
,"Maya: Hidden Worlds Revealed Project Team","Team","%27Maya%20-%20Hidden%20Worlds%20Revealed%27%20Project%20Team"
,"Tessitura","Team","Tessitura"
,"The Science Behind the Stars","Team","The Science Behind the Stars"
